{
  "version": "1.0",
  "defaultProvider": "cdnjs",
  "libraries": [
    {
      "library": "jquery-validation-unobtrusive@4.0.0",
      "destination": "wwwroot/lib/jquery-validation-unobtrusive/"
    },
    {
      "library": "jquery@3.6.4",
      "destination": "wwwroot/lib/jquery/"
    },
    {
      "library": "moment.js@2.29.4",
      "destination": "wwwroot/lib/moment.js/"
    },
    {
      "library": "toastr.js@2.1.4",
      "destination": "wwwroot/lib/toastr.js/"
    },
    {
      "library": "jquery-validate@1.19.5",
      "destination": "wwwroot/lib/jquery-validate/",
      "files": [
        "jquery.validate.min.js",
        "additional-methods.min.js"
      ]
    },
    {
      "library": "jquery.blockUI@2.70",
      "destination": "wwwroot/lib/jquery.blockUI/"
    },
    {
      "library": "bootstrap-icons@1.11.1",
      "destination": "wwwroot/lib/bootstrap-icons/",
      "files": [
        "font/fonts/bootstrap-icons.woff",
        "font/fonts/bootstrap-icons.woff2",
        "font/bootstrap-icons.css",
        "font/bootstrap-icons.json",
        "font/bootstrap-icons.min.css"
      ]
    },
    {
      "library": "tail.select.js@0.5.22",
      "destination": "wwwroot/lib/tail.select.js/"
    },
    {
      "library": "filepond@4.30.6",
      "destination": "wwwroot/lib/filepond/",
      "files": [
        "filepond.min.js",
        "filepond.css",
        "filepond.esm.js",
        "filepond.esm.min.js",
        "filepond.js",
        "filepond.min.css"
      ]
    },
    {
      "library": "autonumeric@4.10.2",
      "destination": "wwwroot/lib/autonumeric/",
      "files": [
        "autoNumeric.min.js"
      ]
    }
  ]
}